{
  "Data Science": {
    "definitions": ["The field of study that combines domain expertise, programming skills, and knowledge of mathematics and statistics to extract meaningful insights from data."],
    "parents": ["Computer Science", "Statistics", "Mathematics"],
    "children": ["Machine Learning", "Data Analysis", "Big Data", "Data Visualization", "Predictive Analytics"],
    "siblings": ["Artificial Intelligence", "Software Engineering", "Information Science"],
    "category": "technology",
    "tags": ["data", "analysis", "statistics", "programming"],
    "examples": ["Netflix recommendation system", "Credit scoring models", "Market research analysis"],
    "metadata": {
      "created": "2025-01-01T00:00:00Z",
      "updated": "2025-01-01T00:00:00Z",
      "views": 150,
      "difficulty": 3,
      "popularity": 0.9
    }
  },
  "Machine Learning": {
    "definitions": ["A subset of artificial intelligence that provides systems the ability to automatically learn and improve from experience without being explicitly programmed."],
    "parents": ["Data Science", "Artificial Intelligence"],
    "children": ["Deep Learning", "Neural Networks", "Supervised Learning", "Unsupervised Learning", "Reinforcement Learning"],
    "siblings": ["Data Mining", "Pattern Recognition", "Computer Vision"],
    "category": "technology",
    "tags": ["AI", "algorithms", "learning", "automation"],
    "examples": ["Image recognition", "Speech recognition", "Autonomous vehicles"],
    "metadata": {
      "created": "2025-01-01T00:00:00Z",
      "updated": "2025-01-01T00:00:00Z",
      "views": 200,
      "difficulty": 4,
      "popularity": 0.95
    }
  },
  "Artificial Intelligence": {
    "definitions": ["The simulation of human intelligence in machines that are programmed to think and learn like humans."],
    "parents": ["Computer Science"],
    "children": ["Machine Learning", "Natural Language Processing", "Computer Vision", "Robotics", "Expert Systems"],
    "siblings": ["Data Science", "Cognitive Science", "Neuroscience"],
    "category": "technology",
    "tags": ["AI", "intelligence", "automation", "cognition"],
    "examples": ["ChatGPT", "Siri", "AlphaGo", "Self-driving cars"],
    "metadata": {
      "created": "2025-01-01T00:00:00Z",
      "updated": "2025-01-01T00:00:00Z",
      "views": 300,
      "difficulty": 4,
      "popularity": 1.0
    }
  },
  "Computer Science": {
    "definitions": ["The study of computational systems, algorithms, and the design of computer systems and their applications."],
    "parents": ["Mathematics", "Engineering"],
    "children": ["Data Science", "Artificial Intelligence", "Software Engineering", "Computer Graphics", "Cybersecurity"],
    "siblings": ["Information Technology", "Electrical Engineering"],
    "category": "technology",
    "tags": ["programming", "algorithms", "computation", "software"],
    "examples": ["Operating systems", "Database management", "Web development"],
    "metadata": {
      "created": "2025-01-01T00:00:00Z",
      "updated": "2025-01-01T00:00:00Z",
      "views": 180,
      "difficulty": 3,
      "popularity": 0.8
    }
  },
  "Deep Learning": {
    "definitions": ["A subset of machine learning that uses neural networks with multiple layers to model and understand complex patterns in data."],
    "parents": ["Machine Learning", "Neural Networks"],
    "children": ["Convolutional Neural Networks", "Recurrent Neural Networks", "Transformers", "Generative Adversarial Networks"],
    "siblings": ["Supervised Learning", "Unsupervised Learning"],
    "category": "technology",
    "tags": ["neural networks", "AI", "deep neural networks"],
    "examples": ["Image classification", "Language translation", "Game playing AI"],
    "metadata": {
      "created": "2025-01-01T00:00:00Z",
      "updated": "2025-01-01T00:00:00Z",
      "views": 120,
      "difficulty": 5,
      "popularity": 0.85
    }
  },
  "Natural Language Processing": {
    "definitions": ["A branch of artificial intelligence that helps computers understand, interpret and manipulate human language."],
    "parents": ["Artificial Intelligence", "Computational Linguistics"],
    "children": ["Text Mining", "Sentiment Analysis", "Machine Translation", "Speech Recognition"],
    "siblings": ["Computer Vision", "Machine Learning"],
    "category": "technology",
    "tags": ["language", "text", "linguistics", "AI"],
    "examples": ["Google Translate", "Chatbots", "Voice assistants"],
    "metadata": {
      "created": "2025-01-01T00:00:00Z",
      "updated": "2025-01-01T00:00:00Z",
      "views": 90,
      "difficulty": 4,
      "popularity": 0.75
    }
  },
  "Statistics": {
    "definitions": ["The discipline that concerns the collection, organization, analysis, interpretation, and presentation of data."],
    "parents": ["Mathematics"],
    "children": ["Data Science", "Biostatistics", "Econometrics", "Statistical Analysis"],
    "siblings": ["Probability Theory", "Applied Mathematics"],
    "category": "mathematics",
    "tags": ["data", "analysis", "probability", "inference"],
    "examples": ["Clinical trials", "Market research", "Quality control"],
    "metadata": {
      "created": "2025-01-01T00:00:00Z",
      "updated": "2025-01-01T00:00:00Z",
      "views": 100,
      "difficulty": 3,
      "popularity": 0.7
    }
  },
  "Data Visualization": {
    "definitions": ["The graphic representation of data and information using visual elements like charts, graphs, and maps."],
    "parents": ["Data Science", "Information Design"],
    "children": ["Interactive Dashboards", "Infographics", "Statistical Charts"],
    "siblings": ["Data Analysis", "User Interface Design"],
    "category": "technology",
    "tags": ["visualization", "charts", "graphics", "presentation"],
    "examples": ["Tableau dashboards", "D3.js visualizations", "Excel charts"],
    "metadata": {
      "created": "2025-01-01T00:00:00Z",
      "updated": "2025-01-01T00:00:00Z",
      "views": 80,
      "difficulty": 2,
      "popularity": 0.65
    }
  },
  "Big Data": {
    "definitions": ["Extremely large datasets that may be analyzed computationally to reveal patterns, trends, and associations."],
    "parents": ["Data Science", "Computer Science"],
    "children": ["Hadoop", "Spark", "NoSQL Databases", "Data Warehousing"],
    "siblings": ["Cloud Computing", "Distributed Systems"],
    "category": "technology",
    "tags": ["data", "scale", "distributed", "analytics"],
    "examples": ["Social media analytics", "IoT sensor data", "Financial transactions"],
    "metadata": {
      "created": "2025-01-01T00:00:00Z",
      "updated": "2025-01-01T00:00:00Z",
      "views": 110,
      "difficulty": 4,
      "popularity": 0.8
    }
  },
  "Neural Networks": {
    "definitions": ["Computing systems inspired by biological neural networks that constitute animal brains, used for machine learning."],
    "parents": ["Machine Learning", "Artificial Intelligence"],
    "children": ["Deep Learning", "Convolutional Neural Networks", "Recurrent Neural Networks"],
    "siblings": ["Decision Trees", "Support Vector Machines"],
    "category": "technology",
    "tags": ["neural", "networks", "AI", "learning"],
    "examples": ["Image recognition", "Pattern recognition", "Function approximation"],
    "metadata": {
      "created": "2025-01-01T00:00:00Z",
      "updated": "2025-01-01T00:00:00Z",
      "views": 95,
      "difficulty": 4,
      "popularity": 0.8
    }
  }
}

